{
    "Linear Regression": {
        "MSE": 4.281305904815475e-26,
        "R2": 1.0
    },
    "Ridge Regression": {
        "MSE": 0.048162546621689374,
        "R2": 0.9999820028331492
    },
    "Lasso Regression": {
        "MSE": 0.08530048294842596,
        "R2": 0.9999681252937861
    },
    "Random Forest": {
        "R2": 0.9999867015306576,
        "RMSE": 0.1886485528104131
    }
}